{
  "student": [
    {
      "name": "Atika Ruslan",
      "gender": "Female",
      "class": "Biru",
      "id": 1
    }
  ],
  "signupUsers": [
    {
      "email": "lan@gmail.com",
      "password": "lan",
      "id": 1
    },
    {
      "email": "todak@gmail",
      "password": "todak",
      "id": 2
    },
    {
      "email": "Saufi@gmail",
      "password": "saufi",
      "id": 3
    },
    {
      "email": "Ali@gmail",
      "password": "ali",
      "id": 4
    },
    {
      "email": "Naim@gmail",
      "password": "naim",
      "id": 5
    }
  ]
}